{
  "train_loss": [
    2.996851211403069,
    2.6479406704540693,
    2.6115500015095123,
    2.512234455782195,
    2.4968588668206344,
    2.0113101190371876,
    1.6940290375007654,
    1.5362332659460136,
    1.4196102142491356,
    1.335254649731979,
    1.2688421238656877,
    1.200439494328137,
    1.1515518788976637,
    1.130132202639438,
    1.108471579022927
  ],
  "train_acc": [
    0.3066798679867987,
    0.3722772277227723,
    0.3806864686468647,
    0.4003564356435644,
    0.4041056105610561,
    0.5050429042904291,
    0.5738349834983498,
    0.6082904290429043,
    0.6346006600660066,
    0.6556963696369636,
    0.6723432343234323,
    0.6883696369636964,
    0.6995643564356435,
    0.7057953795379538,
    0.7111947194719472
  ],
  "test_loss": [
    1.8734537390057404,
    1.7804767058249746,
    1.7184667198776018,
    1.6215700695774342,
    1.6159086296157081,
    1.0326573536620283,
    0.9294865672600151,
    0.8390171484121002,
    0.7757819788479569,
    0.7237130136814448,
    0.6988848664005204,
    0.6757354650196462,
    0.6603966660626454,
    0.6483265791517673,
    0.6409027731507131
  ],
  "test_acc": [
    0.5236435643564357,
    0.5418613861386139,
    0.5550495049504951,
    0.5788910891089109,
    0.5799603960396039,
    0.7189306930693069,
    0.7457821782178218,
    0.769980198019802,
    0.7861782178217822,
    0.8011089108910892,
    0.8082772277227723,
    0.8135841584158415,
    0.8173069306930693,
    0.8216237623762376,
    0.8228118811881188
  ]
}